CompteNum;CompteLib;Debit;Credit;Solde
701000;Ventes marchandises coton;;45000000;45000000
707000;Prestations BTP Glo-Djigbé;;37500000;37500000
709700;RRR accordés clients;500000;;-500000
601000;Achats marchandises;28000000;;28000000
605000;Achats matériel chantier;6000000;;6000000
613000;Loyers Godomey;6000000;;6000000
622000;Honoraires expert-comptable;3500000;;3500000
625000;Transports marchandises;2000000;;2000000
658000;Charges diverses exploitation;1500000;;1500000
681000;Dot. amortissements;1000000;;1000000
661100;Salaires bruts;10000000;;10000000
664000;Cotisations CNSS;2000000;;2000000
443000;TVA collectée;;14850000;14850000
445600;TVA déductible;8640000;;8640000
101000;Capital social;;20000000;20000000
