Date;Nature;Recette;Depense;Solde;Mode;Piece
2025-01-05;Vente coton;8000000;;8000000;MoMo;MM-001
2025-01-12;Achat stock;;3500000;4500000;Banque;BK-001
2025-01-15;Loyer Godomey;;1500000;3000000;MoMo;MM-002
2025-01-20;Prestation BTP;12000000;;15000000;VIR;VIR-001
2025-02-01;Vente coton;6000000;;21000000;MoMo;MM-003
2025-02-10;Achat matériel;;4000000;17000000;Banque;BK-002
2025-02-15;Paie janvier;;3333333;13666667;Banque;SAL-01
2025-03-01;Vente coton;7000000;;20666667;MoMo;MM-004
2025-03-05;Honoraires EC;;1200000;19466667;Banque;BK-003
2025-03-15;Paie février;;3333333;16133334;Banque;SAL-02
2025-03-20;Transport;;800000;15333334;MoMo;MM-005
